﻿<?xml version="1.0" encoding="utf-8"?>
<books>
	<book>
		<title>The Lord of the Rings</title>
		<author>J. R. R. Tolkien</author>
		<pages>50</pages>
		<copies>5000</copies>
		<year>2020</year>
	</book>
	<book>
		<title>The Hitchhiker's Guide to the Galaxy</title>
		<author>Douglas Adams</author>
		<pages>250</pages>
		<copies>3000</copies>
		<year>2019</year>
	</book>
	<book>
		<title>Pride and Prejudice</title>
		<author>Jane Austen</author>
		<pages>400</pages>
		<copies>7000</copies>
		<year>2021</year>
	</book>
	<book>
		<title>To Kill a Mockingbird</title>
		<author>Harper Lee</author>
		<pages>120</pages>
		<copies>4500</copies>
		<year>2018</year>
	</book>
	<book>
		<title>One Hundred Years of Solitude</title>
		<author>Gabriel García Márquez</author>
		<pages>280</pages>
		<copies>3500</copies>
		<year>2022</year>
	</book>
	<book>
		<title>The Great Gatsby</title>
		<author>F. Scott Fitzgerald</author>
		<pages>500</pages>
		<copies>6000</copies>
		<year>2017</year>
	</book>
	<book>
		<title>Frankenstein</title>
		<author>Mary Shelley</author>
		<pages>450</pages>
		<copies>5500</copies>
		<year>2016</year>
	</book>
	<book>
		<title>Moby Dick</title>
		<author>Herman Melville</author>
		<pages>140</pages>
		<copies>4000</copies>
		<year>2015</year>
	</book>
	<book>
		<title>Jane Eyre</title>
		<author>Charlotte Brontë</author>
		<pages>200</pages>
		<copies>2500</copies>
		<year>2014</year>
	</book>
	<book>
		<title>Crime and Punishment</title>
		<author>Fyodor Dostoevsky</author>
		<pages>380</pages>
		<copies>5000</copies>
		<year>2013</year>
	</book>
</books>
